iter	Logloss	Accuracy
0	0.6333721127	0.878787878811	0.5828631597	0.9090909092	2	0.544469244	0.9090909093	3	0.5134029337	0.8939393934	4	0.4852734692	0.8939393935	5	0.4550631549	0.9090909096	6	0.4355943177	0.9090909097	7	0.4124963217	0.9090909098	8	0.397443358	0.909090909199	0.3807671326	0.9090909091110	0.3664828762	0.9090909091111	0.35562693	0.9090909091
12	0.3439386584	0.9090909091
13	0.3350627451	0.9090909091
14	0.3297610681	0.9090909091
15	0.3231075342	0.9090909091
16	0.3130156287	0.9090909091117	0.3076910529	0.9090909091118	0.3044850746	0.9090909091119	0.3020066325	0.9090909092020	0.2939337225	0.9090909092121	0.2896674516	0.9242424242222	0.2864009576	0.9242424242323	0.2803691562	0.9242424242424	0.2739556847	0.9242424242525	0.2619860037	0.9242424242626	0.2587987934	0.9393939322727	0.2500528036	0.9545454522828	0.2470046321	0.9545454522929	0.2432478166	0.9545454533030	0.2384207553	0.9545454531	31	0.2370195707	0.9545454532	32	0.2304415361	0.9545454533	33	0.2269005208	0.9545454534	34	0.2260053354	0.9545454535	35	0.2240757738	0.954545436	036	0.2219245381	0.954545437	037	0.2205770912	0.954545438	038	0.2156273484	0.954545439	039	0.2110411982	0.954545440	040	0.2076900561	0.954545441	041	0.205848891	0.9545454542	42	0.1987325456	0.9545454543	43	0.1956837888	0.954545444	044	0.1917226041	0.954545445	045	0.190867655	0.9545454546	46	0.1868072137	0.9545454547	47	0.1825148366	0.954545448	048	0.1791598978	0.954545449	049	0.1787788635	0.95454550	0.50	0.1777387487	0.95454551	0.51	0.1750100382	0.95454552	0.52	0.174479211	0.954545453	053	0.170965566	0.9545454554	54	0.1684834842	0.9545454555	55	0.1669392789	0.9545454545
806
